episode_reward_max,episode_reward_min,episode_reward_mean,episode_len_mean,episodes_this_iter,num_healthy_workers,timesteps_total,timesteps_this_iter,agent_timesteps_total,done,episodes_total,training_iteration,trial_id,experiment_id,date,timestamp,time_this_iter_s,time_total_s,pid,hostname,node_ip,time_since_restore,timesteps_since_restore,iterations_since_restore,hist_stats/episode_reward,hist_stats/episode_lengths,sampler_perf/mean_raw_obs_processing_ms,sampler_perf/mean_inference_ms,sampler_perf/mean_action_processing_ms,sampler_perf/mean_env_wait_ms,sampler_perf/mean_env_render_ms,timers/sample_time_ms,timers/sample_throughput,timers/load_time_ms,timers/load_throughput,timers/learn_time_ms,timers/learn_throughput,timers/update_time_ms,info/num_steps_sampled,info/num_agent_steps_sampled,info/num_steps_trained,info/num_steps_trained_this_iter,info/num_agent_steps_trained,perf/cpu_util_percent,perf/ram_util_percent,info/learner/default_policy/learner_stats/cur_kl_coeff,info/learner/default_policy/learner_stats/cur_lr,info/learner/default_policy/learner_stats/total_loss,info/learner/default_policy/learner_stats/policy_loss,info/learner/default_policy/learner_stats/vf_loss,info/learner/default_policy/learner_stats/vf_explained_var,info/learner/default_policy/learner_stats/kl,info/learner/default_policy/learner_stats/entropy,info/learner/default_policy/learner_stats/entropy_coeff
78.0,8.0,21.288770053475936,21.288770053475936,187,2,4000,4000,4000,False,187,1,60b6a_00000,198bf0d6f92047d4a6c45aaf71ccc937,2022-12-23_17-37-03,1671817023,4.406257152557373,4.406257152557373,161905,dl,192.168.0.98,4.406257152557373,4000,1,"[11.0, 22.0, 12.0, 14.0, 26.0, 16.0, 26.0, 22.0, 11.0, 24.0, 11.0, 13.0, 19.0, 31.0, 24.0, 24.0, 51.0, 24.0, 13.0, 18.0, 43.0, 14.0, 14.0, 12.0, 13.0, 23.0, 12.0, 15.0, 17.0, 14.0, 21.0, 14.0, 11.0, 17.0, 12.0, 26.0, 16.0, 36.0, 17.0, 25.0, 12.0, 9.0, 11.0, 25.0, 31.0, 28.0, 11.0, 17.0, 43.0, 21.0, 78.0, 12.0, 15.0, 19.0, 16.0, 19.0, 27.0, 12.0, 11.0, 46.0, 19.0, 12.0, 20.0, 17.0, 16.0, 47.0, 24.0, 22.0, 19.0, 35.0, 22.0, 11.0, 58.0, 12.0, 18.0, 12.0, 27.0, 25.0, 18.0, 14.0, 30.0, 20.0, 16.0, 15.0, 30.0, 16.0, 13.0, 27.0, 15.0, 15.0, 22.0, 14.0, 19.0, 19.0, 23.0, 17.0, 22.0, 28.0, 13.0, 21.0, 18.0, 23.0, 26.0, 30.0, 16.0, 39.0, 15.0, 24.0, 48.0, 47.0, 27.0, 20.0, 23.0, 19.0, 11.0, 14.0, 10.0, 20.0, 16.0, 17.0, 15.0, 32.0, 12.0, 12.0, 21.0, 54.0, 17.0, 15.0, 10.0, 16.0, 16.0, 11.0, 12.0, 42.0, 25.0, 17.0, 20.0, 32.0, 20.0, 16.0, 19.0, 24.0, 47.0, 10.0, 19.0, 12.0, 12.0, 25.0, 10.0, 18.0, 51.0, 13.0, 35.0, 20.0, 25.0, 30.0, 29.0, 14.0, 19.0, 38.0, 26.0, 8.0, 18.0, 12.0, 69.0, 20.0, 19.0, 33.0, 21.0, 31.0, 19.0, 23.0, 16.0, 15.0, 11.0, 11.0, 13.0, 12.0, 16.0, 17.0, 15.0, 22.0, 11.0, 26.0, 14.0, 17.0, 28.0]","[11, 22, 12, 14, 26, 16, 26, 22, 11, 24, 11, 13, 19, 31, 24, 24, 51, 24, 13, 18, 43, 14, 14, 12, 13, 23, 12, 15, 17, 14, 21, 14, 11, 17, 12, 26, 16, 36, 17, 25, 12, 9, 11, 25, 31, 28, 11, 17, 43, 21, 78, 12, 15, 19, 16, 19, 27, 12, 11, 46, 19, 12, 20, 17, 16, 47, 24, 22, 19, 35, 22, 11, 58, 12, 18, 12, 27, 25, 18, 14, 30, 20, 16, 15, 30, 16, 13, 27, 15, 15, 22, 14, 19, 19, 23, 17, 22, 28, 13, 21, 18, 23, 26, 30, 16, 39, 15, 24, 48, 47, 27, 20, 23, 19, 11, 14, 10, 20, 16, 17, 15, 32, 12, 12, 21, 54, 17, 15, 10, 16, 16, 11, 12, 42, 25, 17, 20, 32, 20, 16, 19, 24, 47, 10, 19, 12, 12, 25, 10, 18, 51, 13, 35, 20, 25, 30, 29, 14, 19, 38, 26, 8, 18, 12, 69, 20, 19, 33, 21, 31, 19, 23, 16, 15, 11, 11, 13, 12, 16, 17, 15, 22, 11, 26, 14, 17, 28]",0.10805825507891213,0.6775331708348615,0.06262034062055195,0.06491877620967904,0.0,2831.178,1412.839,0.201,19925434.679,2511.616,1592.6,1.961,4000,4000,4000,4000,4000,59.185714285714276,24.800000000000004,0.20000000298023224,4.999999873689376e-05,191.57762,-0.036938656,191.609,0.016733008,0.027907223,0.6660336,0.0
142.0,10.0,41.66,41.66,85,2,8000,4000,8000,False,272,2,60b6a_00000,198bf0d6f92047d4a6c45aaf71ccc937,2022-12-23_17-37-08,1671817028,5.673417091369629,10.079674243927002,161905,dl,192.168.0.98,10.079674243927002,8000,2,"[16.0, 15.0, 11.0, 11.0, 13.0, 12.0, 16.0, 17.0, 15.0, 22.0, 11.0, 26.0, 14.0, 17.0, 28.0, 37.0, 31.0, 10.0, 15.0, 49.0, 122.0, 19.0, 22.0, 32.0, 142.0, 116.0, 29.0, 139.0, 13.0, 43.0, 32.0, 20.0, 14.0, 23.0, 17.0, 30.0, 20.0, 15.0, 35.0, 40.0, 14.0, 35.0, 39.0, 42.0, 41.0, 67.0, 70.0, 17.0, 12.0, 55.0, 48.0, 24.0, 59.0, 19.0, 16.0, 13.0, 59.0, 30.0, 142.0, 37.0, 25.0, 26.0, 36.0, 14.0, 40.0, 133.0, 46.0, 21.0, 21.0, 19.0, 15.0, 110.0, 26.0, 16.0, 90.0, 24.0, 17.0, 91.0, 38.0, 81.0, 26.0, 71.0, 31.0, 103.0, 98.0, 124.0, 41.0, 49.0, 16.0, 28.0, 20.0, 79.0, 44.0, 32.0, 12.0, 102.0, 94.0, 68.0, 21.0, 70.0]","[16, 15, 11, 11, 13, 12, 16, 17, 15, 22, 11, 26, 14, 17, 28, 37, 31, 10, 15, 49, 122, 19, 22, 32, 142, 116, 29, 139, 13, 43, 32, 20, 14, 23, 17, 30, 20, 15, 35, 40, 14, 35, 39, 42, 41, 67, 70, 17, 12, 55, 48, 24, 59, 19, 16, 13, 59, 30, 142, 37, 25, 26, 36, 14, 40, 133, 46, 21, 21, 19, 15, 110, 26, 16, 90, 24, 17, 91, 38, 81, 26, 71, 31, 103, 98, 124, 41, 49, 16, 28, 20, 79, 44, 32, 12, 102, 94, 68, 21, 70]",0.10316580077934379,0.6660674001278604,0.061947291306672356,0.06435597928415081,0.0,3592.743,1113.355,0.197,20348351.728,2379.04,1681.35,1.748,8000,8000,8000,4000,8000,59.962500000000006,24.8875,0.30000001192092896,4.999999873689376e-05,452.46695,-0.029068341,452.49078,0.10296483,0.017226823,0.61298144,0.0
291.0,12.0,68.54,68.54,42,2,12000,4000,12000,False,314,3,60b6a_00000,198bf0d6f92047d4a6c45aaf71ccc937,2022-12-23_17-37-13,1671817033,4.0434746742248535,14.123148918151855,161905,dl,192.168.0.98,14.123148918151855,12000,3,"[39.0, 42.0, 41.0, 67.0, 70.0, 17.0, 12.0, 55.0, 48.0, 24.0, 59.0, 19.0, 16.0, 13.0, 59.0, 30.0, 142.0, 37.0, 25.0, 26.0, 36.0, 14.0, 40.0, 133.0, 46.0, 21.0, 21.0, 19.0, 15.0, 110.0, 26.0, 16.0, 90.0, 24.0, 17.0, 91.0, 38.0, 81.0, 26.0, 71.0, 31.0, 103.0, 98.0, 124.0, 41.0, 49.0, 16.0, 28.0, 20.0, 79.0, 44.0, 32.0, 12.0, 102.0, 94.0, 68.0, 21.0, 70.0, 56.0, 28.0, 59.0, 170.0, 62.0, 66.0, 245.0, 15.0, 116.0, 43.0, 179.0, 56.0, 101.0, 291.0, 39.0, 89.0, 134.0, 50.0, 125.0, 46.0, 78.0, 86.0, 134.0, 113.0, 13.0, 100.0, 68.0, 30.0, 105.0, 84.0, 90.0, 33.0, 101.0, 205.0, 71.0, 100.0, 32.0, 145.0, 200.0, 33.0, 160.0, 95.0]","[39, 42, 41, 67, 70, 17, 12, 55, 48, 24, 59, 19, 16, 13, 59, 30, 142, 37, 25, 26, 36, 14, 40, 133, 46, 21, 21, 19, 15, 110, 26, 16, 90, 24, 17, 91, 38, 81, 26, 71, 31, 103, 98, 124, 41, 49, 16, 28, 20, 79, 44, 32, 12, 102, 94, 68, 21, 70, 56, 28, 59, 170, 62, 66, 245, 15, 116, 43, 179, 56, 101, 291, 39, 89, 134, 50, 125, 46, 78, 86, 134, 113, 13, 100, 68, 30, 105, 84, 90, 33, 101, 205, 71, 100, 32, 145, 200, 33, 160, 95]",0.10047683378896047,0.6605294321796662,0.06179986167532553,0.0642646040319127,0.0,4295.309,931.249,0.198,20189188.929,2345.968,1705.053,1.697,12000,12000,12000,4000,12000,60.75,24.900000000000002,0.30000001192092896,4.999999873689376e-05,605.778,-0.025288314,605.80066,0.06445912,0.008905129,0.57839346,0.0
435.0,12.0,98.74,98.74,18,2,16000,4000,16000,False,332,4,60b6a_00000,198bf0d6f92047d4a6c45aaf71ccc937,2022-12-23_17-37-22,1671817042,9.372080087661743,23.4952290058136,161905,dl,192.168.0.98,23.4952290058136,16000,4,"[25.0, 26.0, 36.0, 14.0, 40.0, 133.0, 46.0, 21.0, 21.0, 19.0, 15.0, 110.0, 26.0, 16.0, 90.0, 24.0, 17.0, 91.0, 38.0, 81.0, 26.0, 71.0, 31.0, 103.0, 98.0, 124.0, 41.0, 49.0, 16.0, 28.0, 20.0, 79.0, 44.0, 32.0, 12.0, 102.0, 94.0, 68.0, 21.0, 70.0, 56.0, 28.0, 59.0, 170.0, 62.0, 66.0, 245.0, 15.0, 116.0, 43.0, 179.0, 56.0, 101.0, 291.0, 39.0, 89.0, 134.0, 50.0, 125.0, 46.0, 78.0, 86.0, 134.0, 113.0, 13.0, 100.0, 68.0, 30.0, 105.0, 84.0, 90.0, 33.0, 101.0, 205.0, 71.0, 100.0, 32.0, 145.0, 200.0, 33.0, 160.0, 95.0, 342.0, 401.0, 435.0, 239.0, 154.0, 175.0, 84.0, 102.0, 104.0, 265.0, 16.0, 127.0, 143.0, 188.0, 409.0, 113.0, 268.0, 245.0]","[25, 26, 36, 14, 40, 133, 46, 21, 21, 19, 15, 110, 26, 16, 90, 24, 17, 91, 38, 81, 26, 71, 31, 103, 98, 124, 41, 49, 16, 28, 20, 79, 44, 32, 12, 102, 94, 68, 21, 70, 56, 28, 59, 170, 62, 66, 245, 15, 116, 43, 179, 56, 101, 291, 39, 89, 134, 50, 125, 46, 78, 86, 134, 113, 13, 100, 68, 30, 105, 84, 90, 33, 101, 205, 71, 100, 32, 145, 200, 33, 160, 95, 342, 401, 435, 239, 154, 175, 84, 102, 104, 265, 16, 127, 143, 188, 409, 113, 268, 245]",0.09902885988208755,0.6575892788045222,0.06183534976909589,0.06432986141084003,0.0,4239.004,943.618,0.198,20170984.07,2325.952,1719.726,1.621,16000,16000,16000,4000,16000,55.98461538461538,24.899999999999995,0.30000001192092896,4.999999873689376e-05,766.66327,-0.01738204,766.67944,0.086719655,0.0037387703,0.56244755,0.0
500.0,12.0,131.48,131.48,11,2,20000,4000,20000,False,343,5,60b6a_00000,198bf0d6f92047d4a6c45aaf71ccc937,2022-12-23_17-37-26,1671817046,4.024729013442993,27.519958019256592,161905,dl,192.168.0.98,27.519958019256592,20000,5,"[110.0, 26.0, 16.0, 90.0, 24.0, 17.0, 91.0, 38.0, 81.0, 26.0, 71.0, 31.0, 103.0, 98.0, 124.0, 41.0, 49.0, 16.0, 28.0, 20.0, 79.0, 44.0, 32.0, 12.0, 102.0, 94.0, 68.0, 21.0, 70.0, 56.0, 28.0, 59.0, 170.0, 62.0, 66.0, 245.0, 15.0, 116.0, 43.0, 179.0, 56.0, 101.0, 291.0, 39.0, 89.0, 134.0, 50.0, 125.0, 46.0, 78.0, 86.0, 134.0, 113.0, 13.0, 100.0, 68.0, 30.0, 105.0, 84.0, 90.0, 33.0, 101.0, 205.0, 71.0, 100.0, 32.0, 145.0, 200.0, 33.0, 160.0, 95.0, 342.0, 401.0, 435.0, 239.0, 154.0, 175.0, 84.0, 102.0, 104.0, 265.0, 16.0, 127.0, 143.0, 188.0, 409.0, 113.0, 268.0, 245.0, 500.0, 385.0, 500.0, 472.0, 276.0, 500.0, 386.0, 223.0, 55.0, 248.0, 125.0]","[110, 26, 16, 90, 24, 17, 91, 38, 81, 26, 71, 31, 103, 98, 124, 41, 49, 16, 28, 20, 79, 44, 32, 12, 102, 94, 68, 21, 70, 56, 28, 59, 170, 62, 66, 245, 15, 116, 43, 179, 56, 101, 291, 39, 89, 134, 50, 125, 46, 78, 86, 134, 113, 13, 100, 68, 30, 105, 84, 90, 33, 101, 205, 71, 100, 32, 145, 200, 33, 160, 95, 342, 401, 435, 239, 154, 175, 84, 102, 104, 265, 16, 127, 143, 188, 409, 113, 268, 245, 500, 385, 500, 472, 276, 500, 386, 223, 55, 248, 125]",0.098235228859131,0.6562562935198845,0.061776447915409205,0.06425147691907569,0.0,5269.51,759.084,0.182,22000020.981,2316.122,1727.024,1.602,20000,20000,20000,4000,20000,60.916666666666664,24.900000000000002,0.15000000596046448,4.999999873689376e-05,776.71674,-0.011883227,776.72797,0.15385751,0.0043071243,0.56205595,0.0
500.0,12.0,168.92,168.92,11,2,24000,4000,24000,False,354,6,60b6a_00000,198bf0d6f92047d4a6c45aaf71ccc937,2022-12-23_17-37-37,1671817057,10.794342756271362,38.314300775527954,161905,dl,192.168.0.98,38.314300775527954,24000,6,"[31.0, 103.0, 98.0, 124.0, 41.0, 49.0, 16.0, 28.0, 20.0, 79.0, 44.0, 32.0, 12.0, 102.0, 94.0, 68.0, 21.0, 70.0, 56.0, 28.0, 59.0, 170.0, 62.0, 66.0, 245.0, 15.0, 116.0, 43.0, 179.0, 56.0, 101.0, 291.0, 39.0, 89.0, 134.0, 50.0, 125.0, 46.0, 78.0, 86.0, 134.0, 113.0, 13.0, 100.0, 68.0, 30.0, 105.0, 84.0, 90.0, 33.0, 101.0, 205.0, 71.0, 100.0, 32.0, 145.0, 200.0, 33.0, 160.0, 95.0, 342.0, 401.0, 435.0, 239.0, 154.0, 175.0, 84.0, 102.0, 104.0, 265.0, 16.0, 127.0, 143.0, 188.0, 409.0, 113.0, 268.0, 245.0, 500.0, 385.0, 500.0, 472.0, 276.0, 500.0, 386.0, 223.0, 55.0, 248.0, 125.0, 500.0, 500.0, 254.0, 500.0, 484.0, 500.0, 259.0, 308.0, 344.0, 336.0, 349.0]","[31, 103, 98, 124, 41, 49, 16, 28, 20, 79, 44, 32, 12, 102, 94, 68, 21, 70, 56, 28, 59, 170, 62, 66, 245, 15, 116, 43, 179, 56, 101, 291, 39, 89, 134, 50, 125, 46, 78, 86, 134, 113, 13, 100, 68, 30, 105, 84, 90, 33, 101, 205, 71, 100, 32, 145, 200, 33, 160, 95, 342, 401, 435, 239, 154, 175, 84, 102, 104, 265, 16, 127, 143, 188, 409, 113, 268, 245, 500, 385, 500, 472, 276, 500, 386, 223, 55, 248, 125, 500, 500, 254, 500, 484, 500, 259, 308, 344, 336, 349]",0.09744419416152769,0.6550715784401808,0.061676786854929715,0.0641143935004951,0.0,5065.543,789.649,0.184,21750928.263,2305.547,1734.946,1.585,24000,24000,24000,4000,24000,54.95333333333333,24.973333333333336,0.07500000298023224,4.999999873689376e-05,514.5067,-0.008929601,514.5153,0.25046575,0.0034151897,0.56861514,0.0
500.0,12.0,201.38,201.38,8,2,28000,4000,28000,False,362,7,60b6a_00000,198bf0d6f92047d4a6c45aaf71ccc937,2022-12-23_17-37-41,1671817061,4.038499116897583,42.35279989242554,161905,dl,192.168.0.98,42.35279989242554,28000,7,"[20.0, 79.0, 44.0, 32.0, 12.0, 102.0, 94.0, 68.0, 21.0, 70.0, 56.0, 28.0, 59.0, 170.0, 62.0, 66.0, 245.0, 15.0, 116.0, 43.0, 179.0, 56.0, 101.0, 291.0, 39.0, 89.0, 134.0, 50.0, 125.0, 46.0, 78.0, 86.0, 134.0, 113.0, 13.0, 100.0, 68.0, 30.0, 105.0, 84.0, 90.0, 33.0, 101.0, 205.0, 71.0, 100.0, 32.0, 145.0, 200.0, 33.0, 160.0, 95.0, 342.0, 401.0, 435.0, 239.0, 154.0, 175.0, 84.0, 102.0, 104.0, 265.0, 16.0, 127.0, 143.0, 188.0, 409.0, 113.0, 268.0, 245.0, 500.0, 385.0, 500.0, 472.0, 276.0, 500.0, 386.0, 223.0, 55.0, 248.0, 125.0, 500.0, 500.0, 254.0, 500.0, 484.0, 500.0, 259.0, 308.0, 344.0, 336.0, 349.0, 434.0, 500.0, 500.0, 500.0, 433.0, 369.0, 500.0, 500.0]","[20, 79, 44, 32, 12, 102, 94, 68, 21, 70, 56, 28, 59, 170, 62, 66, 245, 15, 116, 43, 179, 56, 101, 291, 39, 89, 134, 50, 125, 46, 78, 86, 134, 113, 13, 100, 68, 30, 105, 84, 90, 33, 101, 205, 71, 100, 32, 145, 200, 33, 160, 95, 342, 401, 435, 239, 154, 175, 84, 102, 104, 265, 16, 127, 143, 188, 409, 113, 268, 245, 500, 385, 500, 472, 276, 500, 386, 223, 55, 248, 125, 500, 500, 254, 500, 484, 500, 259, 308, 344, 336, 349, 434, 500, 500, 500, 433, 369, 500, 500]",0.09681212480921307,0.6541364676873426,0.0615926164409184,0.06400064668182635,0.0,5890.495,679.06,0.186,21489572.187,2302.77,1737.039,1.557,28000,28000,28000,4000,28000,61.79999999999999,25.0,0.03750000149011612,4.999999873689376e-05,417.38422,-0.008385934,417.39236,0.16944501,0.0060944143,0.55255216,0.0
500.0,13.0,236.87,236.87,8,2,32000,4000,32000,False,370,8,60b6a_00000,198bf0d6f92047d4a6c45aaf71ccc937,2022-12-23_17-37-52,1671817072,11.029680252075195,53.38248014450073,161905,dl,192.168.0.98,53.38248014450073,32000,8,"[21.0, 70.0, 56.0, 28.0, 59.0, 170.0, 62.0, 66.0, 245.0, 15.0, 116.0, 43.0, 179.0, 56.0, 101.0, 291.0, 39.0, 89.0, 134.0, 50.0, 125.0, 46.0, 78.0, 86.0, 134.0, 113.0, 13.0, 100.0, 68.0, 30.0, 105.0, 84.0, 90.0, 33.0, 101.0, 205.0, 71.0, 100.0, 32.0, 145.0, 200.0, 33.0, 160.0, 95.0, 342.0, 401.0, 435.0, 239.0, 154.0, 175.0, 84.0, 102.0, 104.0, 265.0, 16.0, 127.0, 143.0, 188.0, 409.0, 113.0, 268.0, 245.0, 500.0, 385.0, 500.0, 472.0, 276.0, 500.0, 386.0, 223.0, 55.0, 248.0, 125.0, 500.0, 500.0, 254.0, 500.0, 484.0, 500.0, 259.0, 308.0, 344.0, 336.0, 349.0, 434.0, 500.0, 500.0, 500.0, 433.0, 369.0, 500.0, 500.0, 500.0, 500.0, 500.0, 500.0, 500.0, 500.0, 500.0, 500.0]","[21, 70, 56, 28, 59, 170, 62, 66, 245, 15, 116, 43, 179, 56, 101, 291, 39, 89, 134, 50, 125, 46, 78, 86, 134, 113, 13, 100, 68, 30, 105, 84, 90, 33, 101, 205, 71, 100, 32, 145, 200, 33, 160, 95, 342, 401, 435, 239, 154, 175, 84, 102, 104, 265, 16, 127, 143, 188, 409, 113, 268, 245, 500, 385, 500, 472, 276, 500, 386, 223, 55, 248, 125, 500, 500, 254, 500, 484, 500, 259, 308, 344, 336, 349, 434, 500, 500, 500, 433, 369, 500, 500, 500, 500, 500, 500, 500, 500, 500, 500]",0.09613300048565801,0.6531900742502738,0.061509724889047615,0.06390620963126802,0.0,5663.469,706.281,0.187,21389279.363,2302.577,1737.184,1.558,32000,32000,32000,4000,32000,55.0,24.93125,0.03750000149011612,4.999999873689376e-05,457.1791,-0.004149891,457.1831,0.022055456,0.0030406003,0.5495507,0.0
500.0,13.0,270.35,270.35,8,2,36000,4000,36000,False,378,9,60b6a_00000,198bf0d6f92047d4a6c45aaf71ccc937,2022-12-23_17-37-56,1671817076,4.016331434249878,57.39881157875061,161905,dl,192.168.0.98,57.39881157875061,36000,9,"[245.0, 15.0, 116.0, 43.0, 179.0, 56.0, 101.0, 291.0, 39.0, 89.0, 134.0, 50.0, 125.0, 46.0, 78.0, 86.0, 134.0, 113.0, 13.0, 100.0, 68.0, 30.0, 105.0, 84.0, 90.0, 33.0, 101.0, 205.0, 71.0, 100.0, 32.0, 145.0, 200.0, 33.0, 160.0, 95.0, 342.0, 401.0, 435.0, 239.0, 154.0, 175.0, 84.0, 102.0, 104.0, 265.0, 16.0, 127.0, 143.0, 188.0, 409.0, 113.0, 268.0, 245.0, 500.0, 385.0, 500.0, 472.0, 276.0, 500.0, 386.0, 223.0, 55.0, 248.0, 125.0, 500.0, 500.0, 254.0, 500.0, 484.0, 500.0, 259.0, 308.0, 344.0, 336.0, 349.0, 434.0, 500.0, 500.0, 500.0, 433.0, 369.0, 500.0, 500.0, 500.0, 500.0, 500.0, 500.0, 500.0, 500.0, 500.0, 500.0, 500.0, 380.0, 500.0, 500.0, 500.0, 500.0, 500.0, 500.0]","[245, 15, 116, 43, 179, 56, 101, 291, 39, 89, 134, 50, 125, 46, 78, 86, 134, 113, 13, 100, 68, 30, 105, 84, 90, 33, 101, 205, 71, 100, 32, 145, 200, 33, 160, 95, 342, 401, 435, 239, 154, 175, 84, 102, 104, 265, 16, 127, 143, 188, 409, 113, 268, 245, 500, 385, 500, 472, 276, 500, 386, 223, 55, 248, 125, 500, 500, 254, 500, 484, 500, 259, 308, 344, 336, 349, 434, 500, 500, 500, 433, 369, 500, 500, 500, 500, 500, 500, 500, 500, 500, 500, 500, 380, 500, 500, 500, 500, 500, 500]",0.09546238652235547,0.6520238170396414,0.061474330848928664,0.06388080818740577,0.0,6264.724,638.496,0.18,22283787.485,2300.679,1738.617,1.541,36000,36000,36000,4000,36000,61.866666666666674,24.95,0.01875000074505806,4.999999873689376e-05,407.53424,-0.0034240987,407.53757,0.21741967,0.0049696215,0.55772084,0.0
500.0,13.0,298.69,298.69,9,2,40000,4000,40000,False,387,10,60b6a_00000,198bf0d6f92047d4a6c45aaf71ccc937,2022-12-23_17-38-08,1671817088,11.573267459869385,68.97207903862,161905,dl,192.168.0.98,68.97207903862,40000,10,"[89.0, 134.0, 50.0, 125.0, 46.0, 78.0, 86.0, 134.0, 113.0, 13.0, 100.0, 68.0, 30.0, 105.0, 84.0, 90.0, 33.0, 101.0, 205.0, 71.0, 100.0, 32.0, 145.0, 200.0, 33.0, 160.0, 95.0, 342.0, 401.0, 435.0, 239.0, 154.0, 175.0, 84.0, 102.0, 104.0, 265.0, 16.0, 127.0, 143.0, 188.0, 409.0, 113.0, 268.0, 245.0, 500.0, 385.0, 500.0, 472.0, 276.0, 500.0, 386.0, 223.0, 55.0, 248.0, 125.0, 500.0, 500.0, 254.0, 500.0, 484.0, 500.0, 259.0, 308.0, 344.0, 336.0, 349.0, 434.0, 500.0, 500.0, 500.0, 433.0, 369.0, 500.0, 500.0, 500.0, 500.0, 500.0, 500.0, 500.0, 500.0, 500.0, 500.0, 500.0, 380.0, 500.0, 500.0, 500.0, 500.0, 500.0, 500.0, 500.0, 500.0, 500.0, 500.0, 450.0, 365.0, 500.0, 500.0, 104.0]","[89, 134, 50, 125, 46, 78, 86, 134, 113, 13, 100, 68, 30, 105, 84, 90, 33, 101, 205, 71, 100, 32, 145, 200, 33, 160, 95, 342, 401, 435, 239, 154, 175, 84, 102, 104, 265, 16, 127, 143, 188, 409, 113, 268, 245, 500, 385, 500, 472, 276, 500, 386, 223, 55, 248, 125, 500, 500, 254, 500, 484, 500, 259, 308, 344, 336, 349, 434, 500, 500, 500, 433, 369, 500, 500, 500, 500, 500, 500, 500, 500, 500, 500, 500, 380, 500, 500, 500, 500, 500, 500, 500, 500, 500, 500, 450, 365, 500, 500, 104]",0.09468006361006863,0.6507449266865418,0.06146299767919278,0.0638938893794745,0.0,6046.918,661.494,0.174,23014013.717,2303.433,1736.538,1.54,40000,40000,40000,4000,40000,54.2625,24.95,0.00937500037252903,4.999999873689376e-05,442.23703,-0.0045803287,442.24158,-0.062113512,0.0064343205,0.5540299,0.0
500.0,13.0,329.82,329.82,8,2,44000,4000,44000,False,395,11,60b6a_00000,198bf0d6f92047d4a6c45aaf71ccc937,2022-12-23_17-38-12,1671817092,4.005356550216675,72.97743558883667,161905,dl,192.168.0.98,72.97743558883667,44000,11,"[113.0, 13.0, 100.0, 68.0, 30.0, 105.0, 84.0, 90.0, 33.0, 101.0, 205.0, 71.0, 100.0, 32.0, 145.0, 200.0, 33.0, 160.0, 95.0, 342.0, 401.0, 435.0, 239.0, 154.0, 175.0, 84.0, 102.0, 104.0, 265.0, 16.0, 127.0, 143.0, 188.0, 409.0, 113.0, 268.0, 245.0, 500.0, 385.0, 500.0, 472.0, 276.0, 500.0, 386.0, 223.0, 55.0, 248.0, 125.0, 500.0, 500.0, 254.0, 500.0, 484.0, 500.0, 259.0, 308.0, 344.0, 336.0, 349.0, 434.0, 500.0, 500.0, 500.0, 433.0, 369.0, 500.0, 500.0, 500.0, 500.0, 500.0, 500.0, 500.0, 500.0, 500.0, 500.0, 500.0, 380.0, 500.0, 500.0, 500.0, 500.0, 500.0, 500.0, 500.0, 500.0, 500.0, 500.0, 450.0, 365.0, 500.0, 500.0, 104.0, 500.0, 355.0, 500.0, 500.0, 500.0, 500.0, 500.0, 500.0]","[113, 13, 100, 68, 30, 105, 84, 90, 33, 101, 205, 71, 100, 32, 145, 200, 33, 160, 95, 342, 401, 435, 239, 154, 175, 84, 102, 104, 265, 16, 127, 143, 188, 409, 113, 268, 245, 500, 385, 500, 472, 276, 500, 386, 223, 55, 248, 125, 500, 500, 254, 500, 484, 500, 259, 308, 344, 336, 349, 434, 500, 500, 500, 433, 369, 500, 500, 500, 500, 500, 500, 500, 500, 500, 500, 500, 380, 500, 500, 500, 500, 500, 500, 500, 500, 500, 500, 450, 365, 500, 500, 104, 500, 355, 500, 500, 500, 500, 500, 500]",0.09404820815906971,0.6498471855467299,0.0614239271115259,0.06385998297641257,0.0,6921.857,577.88,0.176,22696450.216,2277.961,1755.956,1.498,44000,44000,44000,4000,44000,61.48333333333333,25.0,0.00937500037252903,4.999999873689376e-05,411.8849,-0.0019886268,411.88684,0.079153635,0.0055054747,0.50681204,0.0
500.0,16.0,363.79,363.79,8,2,48000,4000,48000,False,403,12,60b6a_00000,198bf0d6f92047d4a6c45aaf71ccc937,2022-12-23_17-38-24,1671817104,11.969284534454346,84.94672012329102,161905,dl,192.168.0.98,84.94672012329102,48000,12,"[33.0, 101.0, 205.0, 71.0, 100.0, 32.0, 145.0, 200.0, 33.0, 160.0, 95.0, 342.0, 401.0, 435.0, 239.0, 154.0, 175.0, 84.0, 102.0, 104.0, 265.0, 16.0, 127.0, 143.0, 188.0, 409.0, 113.0, 268.0, 245.0, 500.0, 385.0, 500.0, 472.0, 276.0, 500.0, 386.0, 223.0, 55.0, 248.0, 125.0, 500.0, 500.0, 254.0, 500.0, 484.0, 500.0, 259.0, 308.0, 344.0, 336.0, 349.0, 434.0, 500.0, 500.0, 500.0, 433.0, 369.0, 500.0, 500.0, 500.0, 500.0, 500.0, 500.0, 500.0, 500.0, 500.0, 500.0, 500.0, 380.0, 500.0, 500.0, 500.0, 500.0, 500.0, 500.0, 500.0, 500.0, 500.0, 500.0, 450.0, 365.0, 500.0, 500.0, 104.0, 500.0, 355.0, 500.0, 500.0, 500.0, 500.0, 500.0, 500.0, 500.0, 500.0, 500.0, 500.0, 500.0, 500.0, 500.0, 500.0]","[33, 101, 205, 71, 100, 32, 145, 200, 33, 160, 95, 342, 401, 435, 239, 154, 175, 84, 102, 104, 265, 16, 127, 143, 188, 409, 113, 268, 245, 500, 385, 500, 472, 276, 500, 386, 223, 55, 248, 125, 500, 500, 254, 500, 484, 500, 259, 308, 344, 336, 349, 434, 500, 500, 500, 433, 369, 500, 500, 500, 500, 500, 500, 500, 500, 500, 500, 500, 380, 500, 500, 500, 500, 500, 500, 500, 500, 500, 500, 450, 365, 500, 500, 104, 500, 355, 500, 500, 500, 500, 500, 500, 500, 500, 500, 500, 500, 500, 500, 500]",0.09353570948852866,0.6495210328156807,0.0613589867180001,0.06378794495880602,0.0,6896.321,580.019,0.172,23311401.973,2281.111,1753.532,1.51,48000,48000,48000,4000,48000,54.470588235294116,25.0,0.00937500037252903,4.999999873689376e-05,422.87613,-0.0019657249,422.87808,0.032103408,0.0036560125,0.46938416,0.0
500.0,16.0,394.92,394.92,8,2,52000,4000,52000,False,411,13,60b6a_00000,198bf0d6f92047d4a6c45aaf71ccc937,2022-12-23_17-38-28,1671817108,4.236365556716919,89.18308568000793,161905,dl,192.168.0.98,89.18308568000793,52000,13,"[33.0, 160.0, 95.0, 342.0, 401.0, 435.0, 239.0, 154.0, 175.0, 84.0, 102.0, 104.0, 265.0, 16.0, 127.0, 143.0, 188.0, 409.0, 113.0, 268.0, 245.0, 500.0, 385.0, 500.0, 472.0, 276.0, 500.0, 386.0, 223.0, 55.0, 248.0, 125.0, 500.0, 500.0, 254.0, 500.0, 484.0, 500.0, 259.0, 308.0, 344.0, 336.0, 349.0, 434.0, 500.0, 500.0, 500.0, 433.0, 369.0, 500.0, 500.0, 500.0, 500.0, 500.0, 500.0, 500.0, 500.0, 500.0, 500.0, 500.0, 380.0, 500.0, 500.0, 500.0, 500.0, 500.0, 500.0, 500.0, 500.0, 500.0, 500.0, 450.0, 365.0, 500.0, 500.0, 104.0, 500.0, 355.0, 500.0, 500.0, 500.0, 500.0, 500.0, 500.0, 500.0, 500.0, 500.0, 500.0, 500.0, 500.0, 500.0, 500.0, 500.0, 500.0, 500.0, 500.0, 500.0, 500.0, 500.0, 500.0]","[33, 160, 95, 342, 401, 435, 239, 154, 175, 84, 102, 104, 265, 16, 127, 143, 188, 409, 113, 268, 245, 500, 385, 500, 472, 276, 500, 386, 223, 55, 248, 125, 500, 500, 254, 500, 484, 500, 259, 308, 344, 336, 349, 434, 500, 500, 500, 433, 369, 500, 500, 500, 500, 500, 500, 500, 500, 500, 500, 500, 380, 500, 500, 500, 500, 500, 500, 500, 500, 500, 500, 450, 365, 500, 500, 104, 500, 355, 500, 500, 500, 500, 500, 500, 500, 500, 500, 500, 500, 500, 500, 500, 500, 500, 500, 500, 500, 500, 500, 500]",0.09300778532071925,0.6491952062875822,0.06129224232846653,0.06371143906916953,0.0,7521.495,531.809,0.175,22847904.126,2300.098,1739.056,1.519,52000,52000,52000,4000,52000,65.06666666666666,25.066666666666666,0.004687500186264515,4.999999873689376e-05,448.6179,-0.0007206986,448.61862,0.014810246,0.0030349558,0.45514122,0.0
500.0,16.0,419.2,419.2,10,2,56000,4000,56000,False,421,14,60b6a_00000,198bf0d6f92047d4a6c45aaf71ccc937,2022-12-23_17-38-40,1671817120,12.199014663696289,101.38210034370422,161905,dl,192.168.0.98,101.38210034370422,56000,14,"[102.0, 104.0, 265.0, 16.0, 127.0, 143.0, 188.0, 409.0, 113.0, 268.0, 245.0, 500.0, 385.0, 500.0, 472.0, 276.0, 500.0, 386.0, 223.0, 55.0, 248.0, 125.0, 500.0, 500.0, 254.0, 500.0, 484.0, 500.0, 259.0, 308.0, 344.0, 336.0, 349.0, 434.0, 500.0, 500.0, 500.0, 433.0, 369.0, 500.0, 500.0, 500.0, 500.0, 500.0, 500.0, 500.0, 500.0, 500.0, 500.0, 500.0, 380.0, 500.0, 500.0, 500.0, 500.0, 500.0, 500.0, 500.0, 500.0, 500.0, 500.0, 450.0, 365.0, 500.0, 500.0, 104.0, 500.0, 355.0, 500.0, 500.0, 500.0, 500.0, 500.0, 500.0, 500.0, 500.0, 500.0, 500.0, 500.0, 500.0, 500.0, 500.0, 500.0, 500.0, 500.0, 500.0, 500.0, 500.0, 500.0, 500.0, 500.0, 500.0, 369.0, 500.0, 413.0, 500.0, 500.0, 313.0, 500.0, 451.0]","[102, 104, 265, 16, 127, 143, 188, 409, 113, 268, 245, 500, 385, 500, 472, 276, 500, 386, 223, 55, 248, 125, 500, 500, 254, 500, 484, 500, 259, 308, 344, 336, 349, 434, 500, 500, 500, 433, 369, 500, 500, 500, 500, 500, 500, 500, 500, 500, 500, 500, 380, 500, 500, 500, 500, 500, 500, 500, 500, 500, 500, 450, 365, 500, 500, 104, 500, 355, 500, 500, 500, 500, 500, 500, 500, 500, 500, 500, 500, 500, 500, 500, 500, 500, 500, 500, 500, 500, 500, 500, 500, 500, 369, 500, 413, 500, 500, 313, 500, 451]",0.09235716811290459,0.6488774162416773,0.06127908849297959,0.06375606487500882,0.0,7559.713,529.121,0.168,23797469.504,2308.019,1733.088,1.549,56000,56000,56000,4000,56000,56.3111111111111,25.555555555555557,0.0023437500931322575,4.999999873689376e-05,719.50604,-0.006191137,719.5122,-0.05256789,0.008770145,0.5103357,0.0
500.0,55.0,445.66,445.66,8,2,60000,4000,60000,False,429,15,60b6a_00000,198bf0d6f92047d4a6c45aaf71ccc937,2022-12-23_17-38-44,1671817124,4.033334016799927,105.41543436050415,161905,dl,192.168.0.98,105.41543436050415,60000,15,"[113.0, 268.0, 245.0, 500.0, 385.0, 500.0, 472.0, 276.0, 500.0, 386.0, 223.0, 55.0, 248.0, 125.0, 500.0, 500.0, 254.0, 500.0, 484.0, 500.0, 259.0, 308.0, 344.0, 336.0, 349.0, 434.0, 500.0, 500.0, 500.0, 433.0, 369.0, 500.0, 500.0, 500.0, 500.0, 500.0, 500.0, 500.0, 500.0, 500.0, 500.0, 500.0, 380.0, 500.0, 500.0, 500.0, 500.0, 500.0, 500.0, 500.0, 500.0, 500.0, 500.0, 450.0, 365.0, 500.0, 500.0, 104.0, 500.0, 355.0, 500.0, 500.0, 500.0, 500.0, 500.0, 500.0, 500.0, 500.0, 500.0, 500.0, 500.0, 500.0, 500.0, 500.0, 500.0, 500.0, 500.0, 500.0, 500.0, 500.0, 500.0, 500.0, 500.0, 500.0, 369.0, 500.0, 413.0, 500.0, 500.0, 313.0, 500.0, 451.0, 500.0, 500.0, 500.0, 500.0, 500.0, 500.0, 500.0, 500.0]","[113, 268, 245, 500, 385, 500, 472, 276, 500, 386, 223, 55, 248, 125, 500, 500, 254, 500, 484, 500, 259, 308, 344, 336, 349, 434, 500, 500, 500, 433, 369, 500, 500, 500, 500, 500, 500, 500, 500, 500, 500, 500, 380, 500, 500, 500, 500, 500, 500, 500, 500, 500, 500, 450, 365, 500, 500, 104, 500, 355, 500, 500, 500, 500, 500, 500, 500, 500, 500, 500, 500, 500, 500, 500, 500, 500, 500, 500, 500, 500, 500, 500, 500, 500, 369, 500, 413, 500, 500, 313, 500, 451, 500, 500, 500, 500, 500, 500, 500, 500]",0.0920023951723677,0.6489947895265505,0.06125915429685172,0.06373146373737061,0.0,7821.862,511.387,0.178,22444436.12,2310.485,1731.238,1.537,60000,60000,60000,4000,60000,62.96666666666667,25.599999999999998,0.0023437500931322575,4.999999873689376e-05,518.04376,-0.0014416359,518.04517,-0.07065825,0.0033850488,0.51395196,0.0
500.0,55.0,458.07,458.07,8,2,64000,4000,64000,False,437,16,60b6a_00000,198bf0d6f92047d4a6c45aaf71ccc937,2022-12-23_17-38-56,1671817136,11.705204486846924,117.12063884735107,161905,dl,192.168.0.98,117.12063884735107,64000,16,"[500.0, 386.0, 223.0, 55.0, 248.0, 125.0, 500.0, 500.0, 254.0, 500.0, 484.0, 500.0, 259.0, 308.0, 344.0, 336.0, 349.0, 434.0, 500.0, 500.0, 500.0, 433.0, 369.0, 500.0, 500.0, 500.0, 500.0, 500.0, 500.0, 500.0, 500.0, 500.0, 500.0, 500.0, 380.0, 500.0, 500.0, 500.0, 500.0, 500.0, 500.0, 500.0, 500.0, 500.0, 500.0, 450.0, 365.0, 500.0, 500.0, 104.0, 500.0, 355.0, 500.0, 500.0, 500.0, 500.0, 500.0, 500.0, 500.0, 500.0, 500.0, 500.0, 500.0, 500.0, 500.0, 500.0, 500.0, 500.0, 500.0, 500.0, 500.0, 500.0, 500.0, 500.0, 500.0, 500.0, 369.0, 500.0, 413.0, 500.0, 500.0, 313.0, 500.0, 451.0, 500.0, 500.0, 500.0, 500.0, 500.0, 500.0, 500.0, 500.0, 500.0, 500.0, 500.0, 500.0, 500.0, 500.0, 500.0, 500.0]","[500, 386, 223, 55, 248, 125, 500, 500, 254, 500, 484, 500, 259, 308, 344, 336, 349, 434, 500, 500, 500, 433, 369, 500, 500, 500, 500, 500, 500, 500, 500, 500, 500, 500, 380, 500, 500, 500, 500, 500, 500, 500, 500, 500, 500, 450, 365, 500, 500, 104, 500, 355, 500, 500, 500, 500, 500, 500, 500, 500, 500, 500, 500, 500, 500, 500, 500, 500, 500, 500, 500, 500, 500, 500, 500, 500, 369, 500, 413, 500, 500, 313, 500, 451, 500, 500, 500, 500, 500, 500, 500, 500, 500, 500, 500, 500, 500, 500, 500, 500]",0.09162660769291497,0.6489234305668397,0.06125484082503576,0.06375705849670077,0.0,7823.976,511.249,0.177,22629101.699,2311.697,1730.331,1.525,64000,64000,64000,4000,64000,53.93125,25.6,0.0011718750465661287,4.999999873689376e-05,499.75208,-0.0027030755,499.75476,-0.025662068,0.005402083,0.5119617,0.0
500.0,104.0,470.69,470.69,8,2,68000,4000,68000,False,445,17,60b6a_00000,198bf0d6f92047d4a6c45aaf71ccc937,2022-12-23_17-39-00,1671817140,4.014862060546875,121.13550090789795,161905,dl,192.168.0.98,121.13550090789795,68000,17,"[254.0, 500.0, 484.0, 500.0, 259.0, 308.0, 344.0, 336.0, 349.0, 434.0, 500.0, 500.0, 500.0, 433.0, 369.0, 500.0, 500.0, 500.0, 500.0, 500.0, 500.0, 500.0, 500.0, 500.0, 500.0, 500.0, 380.0, 500.0, 500.0, 500.0, 500.0, 500.0, 500.0, 500.0, 500.0, 500.0, 500.0, 450.0, 365.0, 500.0, 500.0, 104.0, 500.0, 355.0, 500.0, 500.0, 500.0, 500.0, 500.0, 500.0, 500.0, 500.0, 500.0, 500.0, 500.0, 500.0, 500.0, 500.0, 500.0, 500.0, 500.0, 500.0, 500.0, 500.0, 500.0, 500.0, 500.0, 500.0, 369.0, 500.0, 413.0, 500.0, 500.0, 313.0, 500.0, 451.0, 500.0, 500.0, 500.0, 500.0, 500.0, 500.0, 500.0, 500.0, 500.0, 500.0, 500.0, 500.0, 500.0, 500.0, 500.0, 500.0, 500.0, 299.0, 500.0, 500.0, 500.0, 500.0, 500.0, 500.0]","[254, 500, 484, 500, 259, 308, 344, 336, 349, 434, 500, 500, 500, 433, 369, 500, 500, 500, 500, 500, 500, 500, 500, 500, 500, 500, 380, 500, 500, 500, 500, 500, 500, 500, 500, 500, 500, 450, 365, 500, 500, 104, 500, 355, 500, 500, 500, 500, 500, 500, 500, 500, 500, 500, 500, 500, 500, 500, 500, 500, 500, 500, 500, 500, 500, 500, 500, 500, 369, 500, 413, 500, 500, 313, 500, 451, 500, 500, 500, 500, 500, 500, 500, 500, 500, 500, 500, 500, 500, 500, 500, 500, 500, 299, 500, 500, 500, 500, 500, 500]",0.09134189746566662,0.6489710111578408,0.06124550951280131,0.06375854308262503,0.0,7912.245,505.545,0.176,22705665.178,2312.233,1729.929,1.542,68000,68000,68000,4000,68000,60.916666666666664,25.599999999999998,0.0011718750465661287,4.999999873689376e-05,469.19443,-0.0038107405,469.19824,0.019076092,0.0052876594,0.5117747,0.0
500.0,104.0,480.84,480.84,8,2,72000,4000,72000,False,453,18,60b6a_00000,198bf0d6f92047d4a6c45aaf71ccc937,2022-12-23_17-39-11,1671817151,10.99988865852356,132.1353895664215,161905,dl,192.168.0.98,132.1353895664215,72000,18,"[349.0, 434.0, 500.0, 500.0, 500.0, 433.0, 369.0, 500.0, 500.0, 500.0, 500.0, 500.0, 500.0, 500.0, 500.0, 500.0, 500.0, 500.0, 380.0, 500.0, 500.0, 500.0, 500.0, 500.0, 500.0, 500.0, 500.0, 500.0, 500.0, 450.0, 365.0, 500.0, 500.0, 104.0, 500.0, 355.0, 500.0, 500.0, 500.0, 500.0, 500.0, 500.0, 500.0, 500.0, 500.0, 500.0, 500.0, 500.0, 500.0, 500.0, 500.0, 500.0, 500.0, 500.0, 500.0, 500.0, 500.0, 500.0, 500.0, 500.0, 369.0, 500.0, 413.0, 500.0, 500.0, 313.0, 500.0, 451.0, 500.0, 500.0, 500.0, 500.0, 500.0, 500.0, 500.0, 500.0, 500.0, 500.0, 500.0, 500.0, 500.0, 500.0, 500.0, 500.0, 500.0, 299.0, 500.0, 500.0, 500.0, 500.0, 500.0, 500.0, 500.0, 500.0, 500.0, 500.0, 500.0, 500.0, 500.0, 500.0]","[349, 434, 500, 500, 500, 433, 369, 500, 500, 500, 500, 500, 500, 500, 500, 500, 500, 500, 380, 500, 500, 500, 500, 500, 500, 500, 500, 500, 500, 450, 365, 500, 500, 104, 500, 355, 500, 500, 500, 500, 500, 500, 500, 500, 500, 500, 500, 500, 500, 500, 500, 500, 500, 500, 500, 500, 500, 500, 500, 500, 369, 500, 413, 500, 500, 313, 500, 451, 500, 500, 500, 500, 500, 500, 500, 500, 500, 500, 500, 500, 500, 500, 500, 500, 500, 299, 500, 500, 500, 500, 500, 500, 500, 500, 500, 500, 500, 500, 500, 500]",0.09108612979992675,0.6490272037945085,0.06124501121293945,0.06377473394081132,0.0,7911.694,505.581,0.175,22900922.741,2306.224,1734.437,1.537,72000,72000,72000,4000,72000,49.89375,25.6,0.0011718750465661287,4.999999873689376e-05,512.43304,-0.0026839117,512.4357,-0.029449569,0.0054311976,0.4945404,0.0
500.0,104.0,483.41,483.41,8,2,76000,4000,76000,False,461,19,60b6a_00000,198bf0d6f92047d4a6c45aaf71ccc937,2022-12-23_17-39-15,1671817155,3.8952770233154297,136.03066658973694,161905,dl,192.168.0.98,136.03066658973694,76000,19,"[500.0, 500.0, 500.0, 500.0, 500.0, 500.0, 500.0, 500.0, 500.0, 500.0, 380.0, 500.0, 500.0, 500.0, 500.0, 500.0, 500.0, 500.0, 500.0, 500.0, 500.0, 450.0, 365.0, 500.0, 500.0, 104.0, 500.0, 355.0, 500.0, 500.0, 500.0, 500.0, 500.0, 500.0, 500.0, 500.0, 500.0, 500.0, 500.0, 500.0, 500.0, 500.0, 500.0, 500.0, 500.0, 500.0, 500.0, 500.0, 500.0, 500.0, 500.0, 500.0, 369.0, 500.0, 413.0, 500.0, 500.0, 313.0, 500.0, 451.0, 500.0, 500.0, 500.0, 500.0, 500.0, 500.0, 500.0, 500.0, 500.0, 500.0, 500.0, 500.0, 500.0, 500.0, 500.0, 500.0, 500.0, 299.0, 500.0, 500.0, 500.0, 500.0, 500.0, 500.0, 500.0, 500.0, 500.0, 500.0, 500.0, 500.0, 500.0, 500.0, 500.0, 500.0, 395.0, 500.0, 447.0, 500.0, 500.0, 500.0]","[500, 500, 500, 500, 500, 500, 500, 500, 500, 500, 380, 500, 500, 500, 500, 500, 500, 500, 500, 500, 500, 450, 365, 500, 500, 104, 500, 355, 500, 500, 500, 500, 500, 500, 500, 500, 500, 500, 500, 500, 500, 500, 500, 500, 500, 500, 500, 500, 500, 500, 500, 500, 369, 500, 413, 500, 500, 313, 500, 451, 500, 500, 500, 500, 500, 500, 500, 500, 500, 500, 500, 500, 500, 500, 500, 500, 500, 299, 500, 500, 500, 500, 500, 500, 500, 500, 500, 500, 500, 500, 500, 500, 500, 500, 395, 500, 447, 500, 500, 500]",0.09083312968650298,0.6488652134124889,0.061236033426196955,0.06378812841492203,0.0,7894.306,506.694,0.183,21896653.615,2305.541,1734.951,1.555,76000,76000,76000,4000,76000,50.16,25.6,0.0011718750465661287,4.999999873689376e-05,362.5123,-0.004226331,362.5165,0.0993179,0.006604159,0.556475,0.0
500.0,104.0,482.0,482.0,8,2,80000,4000,80000,False,469,20,60b6a_00000,198bf0d6f92047d4a6c45aaf71ccc937,2022-12-23_17-39-26,1671817166,11.163541555404663,147.1942081451416,161905,dl,192.168.0.98,147.1942081451416,80000,20,"[500.0, 500.0, 380.0, 500.0, 500.0, 500.0, 500.0, 500.0, 500.0, 500.0, 500.0, 500.0, 500.0, 450.0, 365.0, 500.0, 500.0, 104.0, 500.0, 355.0, 500.0, 500.0, 500.0, 500.0, 500.0, 500.0, 500.0, 500.0, 500.0, 500.0, 500.0, 500.0, 500.0, 500.0, 500.0, 500.0, 500.0, 500.0, 500.0, 500.0, 500.0, 500.0, 500.0, 500.0, 369.0, 500.0, 413.0, 500.0, 500.0, 313.0, 500.0, 451.0, 500.0, 500.0, 500.0, 500.0, 500.0, 500.0, 500.0, 500.0, 500.0, 500.0, 500.0, 500.0, 500.0, 500.0, 500.0, 500.0, 500.0, 299.0, 500.0, 500.0, 500.0, 500.0, 500.0, 500.0, 500.0, 500.0, 500.0, 500.0, 500.0, 500.0, 500.0, 500.0, 500.0, 500.0, 395.0, 500.0, 447.0, 500.0, 500.0, 500.0, 500.0, 500.0, 500.0, 500.0, 359.0, 500.0, 500.0, 500.0]","[500, 500, 380, 500, 500, 500, 500, 500, 500, 500, 500, 500, 500, 450, 365, 500, 500, 104, 500, 355, 500, 500, 500, 500, 500, 500, 500, 500, 500, 500, 500, 500, 500, 500, 500, 500, 500, 500, 500, 500, 500, 500, 500, 500, 369, 500, 413, 500, 500, 313, 500, 451, 500, 500, 500, 500, 500, 500, 500, 500, 500, 500, 500, 500, 500, 500, 500, 500, 500, 299, 500, 500, 500, 500, 500, 500, 500, 500, 500, 500, 500, 500, 500, 500, 500, 500, 395, 500, 447, 500, 500, 500, 500, 500, 500, 500, 359, 500, 500, 500]",0.09060124494262223,0.648523779709048,0.06121023429141141,0.06377042319091336,0.0,7879.127,507.67,0.183,21845333.333,2289.502,1747.105,1.553,80000,80000,80000,4000,80000,42.96875,25.6,0.0011718750465661287,4.999999873689376e-05,380.10437,-0.0053271423,380.10968,0.0568859,0.0044685383,0.5471548,0.0
500.0,104.0,483.05,483.05,8,2,84000,4000,84000,False,477,21,60b6a_00000,198bf0d6f92047d4a6c45aaf71ccc937,2022-12-23_17-39-30,1671817170,3.7956936359405518,150.98990178108215,161905,dl,192.168.0.98,150.98990178108215,84000,21,"[500.0, 500.0, 500.0, 500.0, 500.0, 450.0, 365.0, 500.0, 500.0, 104.0, 500.0, 355.0, 500.0, 500.0, 500.0, 500.0, 500.0, 500.0, 500.0, 500.0, 500.0, 500.0, 500.0, 500.0, 500.0, 500.0, 500.0, 500.0, 500.0, 500.0, 500.0, 500.0, 500.0, 500.0, 500.0, 500.0, 369.0, 500.0, 413.0, 500.0, 500.0, 313.0, 500.0, 451.0, 500.0, 500.0, 500.0, 500.0, 500.0, 500.0, 500.0, 500.0, 500.0, 500.0, 500.0, 500.0, 500.0, 500.0, 500.0, 500.0, 500.0, 299.0, 500.0, 500.0, 500.0, 500.0, 500.0, 500.0, 500.0, 500.0, 500.0, 500.0, 500.0, 500.0, 500.0, 500.0, 500.0, 500.0, 395.0, 500.0, 447.0, 500.0, 500.0, 500.0, 500.0, 500.0, 500.0, 500.0, 359.0, 500.0, 500.0, 500.0, 500.0, 500.0, 500.0, 500.0, 500.0, 500.0, 485.0, 500.0]","[500, 500, 500, 500, 500, 450, 365, 500, 500, 104, 500, 355, 500, 500, 500, 500, 500, 500, 500, 500, 500, 500, 500, 500, 500, 500, 500, 500, 500, 500, 500, 500, 500, 500, 500, 500, 369, 500, 413, 500, 500, 313, 500, 451, 500, 500, 500, 500, 500, 500, 500, 500, 500, 500, 500, 500, 500, 500, 500, 500, 500, 299, 500, 500, 500, 500, 500, 500, 500, 500, 500, 500, 500, 500, 500, 500, 500, 500, 395, 500, 447, 500, 500, 500, 500, 500, 500, 500, 359, 500, 500, 500, 500, 500, 500, 500, 500, 500, 485, 500]",0.09038829896546656,0.6481001801105846,0.061178293096505146,0.06374099798066384,0.0,7840.02,510.203,0.172,23205001.383,2280.969,1753.641,1.553,84000,84000,84000,4000,84000,49.38333333333333,25.599999999999998,0.0005859375232830644,4.999999873689376e-05,432.2494,-0.004068813,432.25342,-0.09636582,0.006527634,0.5528612,0.0
500.0,104.0,481.26,481.26,9,2,88000,4000,88000,False,486,22,60b6a_00000,198bf0d6f92047d4a6c45aaf71ccc937,2022-12-23_17-39-41,1671817181,11.302359819412231,162.29226160049438,161905,dl,192.168.0.98,162.29226160049438,88000,22,"[104.0, 500.0, 355.0, 500.0, 500.0, 500.0, 500.0, 500.0, 500.0, 500.0, 500.0, 500.0, 500.0, 500.0, 500.0, 500.0, 500.0, 500.0, 500.0, 500.0, 500.0, 500.0, 500.0, 500.0, 500.0, 500.0, 500.0, 369.0, 500.0, 413.0, 500.0, 500.0, 313.0, 500.0, 451.0, 500.0, 500.0, 500.0, 500.0, 500.0, 500.0, 500.0, 500.0, 500.0, 500.0, 500.0, 500.0, 500.0, 500.0, 500.0, 500.0, 500.0, 299.0, 500.0, 500.0, 500.0, 500.0, 500.0, 500.0, 500.0, 500.0, 500.0, 500.0, 500.0, 500.0, 500.0, 500.0, 500.0, 500.0, 395.0, 500.0, 447.0, 500.0, 500.0, 500.0, 500.0, 500.0, 500.0, 500.0, 359.0, 500.0, 500.0, 500.0, 500.0, 500.0, 500.0, 500.0, 500.0, 500.0, 485.0, 500.0, 500.0, 500.0, 500.0, 500.0, 500.0, 500.0, 136.0, 500.0, 500.0]","[104, 500, 355, 500, 500, 500, 500, 500, 500, 500, 500, 500, 500, 500, 500, 500, 500, 500, 500, 500, 500, 500, 500, 500, 500, 500, 500, 369, 500, 413, 500, 500, 313, 500, 451, 500, 500, 500, 500, 500, 500, 500, 500, 500, 500, 500, 500, 500, 500, 500, 500, 500, 299, 500, 500, 500, 500, 500, 500, 500, 500, 500, 500, 500, 500, 500, 500, 500, 500, 395, 500, 447, 500, 500, 500, 500, 500, 500, 500, 359, 500, 500, 500, 500, 500, 500, 500, 500, 500, 485, 500, 500, 500, 500, 500, 500, 500, 136, 500, 500]",0.0901608767118184,0.6473846425494685,0.06112633773403985,0.06368725781333208,0.0,7812.246,512.017,0.17,23560196.602,2270.602,1761.648,1.531,88000,88000,88000,4000,88000,42.5375,25.6,0.0005859375232830644,4.999999873689376e-05,512.77655,-0.0023179622,512.7789,0.0756992,0.0047889813,0.532465,0.0
500.0,136.0,486.67,486.67,8,2,92000,4000,92000,False,494,23,60b6a_00000,198bf0d6f92047d4a6c45aaf71ccc937,2022-12-23_17-39-45,1671817185,3.7936782836914062,166.0859398841858,161905,dl,192.168.0.98,166.0859398841858,92000,23,"[500.0, 500.0, 500.0, 500.0, 500.0, 500.0, 500.0, 500.0, 500.0, 500.0, 500.0, 500.0, 500.0, 500.0, 500.0, 500.0, 500.0, 500.0, 500.0, 369.0, 500.0, 413.0, 500.0, 500.0, 313.0, 500.0, 451.0, 500.0, 500.0, 500.0, 500.0, 500.0, 500.0, 500.0, 500.0, 500.0, 500.0, 500.0, 500.0, 500.0, 500.0, 500.0, 500.0, 500.0, 299.0, 500.0, 500.0, 500.0, 500.0, 500.0, 500.0, 500.0, 500.0, 500.0, 500.0, 500.0, 500.0, 500.0, 500.0, 500.0, 500.0, 395.0, 500.0, 447.0, 500.0, 500.0, 500.0, 500.0, 500.0, 500.0, 500.0, 359.0, 500.0, 500.0, 500.0, 500.0, 500.0, 500.0, 500.0, 500.0, 500.0, 485.0, 500.0, 500.0, 500.0, 500.0, 500.0, 500.0, 500.0, 136.0, 500.0, 500.0, 500.0, 500.0, 500.0, 500.0, 500.0, 500.0, 500.0, 500.0]","[500, 500, 500, 500, 500, 500, 500, 500, 500, 500, 500, 500, 500, 500, 500, 500, 500, 500, 500, 369, 500, 413, 500, 500, 313, 500, 451, 500, 500, 500, 500, 500, 500, 500, 500, 500, 500, 500, 500, 500, 500, 500, 500, 500, 299, 500, 500, 500, 500, 500, 500, 500, 500, 500, 500, 500, 500, 500, 500, 500, 500, 395, 500, 447, 500, 500, 500, 500, 500, 500, 500, 359, 500, 500, 500, 500, 500, 500, 500, 500, 500, 485, 500, 500, 500, 500, 500, 500, 500, 136, 500, 500, 500, 500, 500, 500, 500, 500, 500, 500]",0.08995871454040255,0.6466051141538799,0.06106753365958272,0.06363061921146179,0.0,7750.091,516.123,0.158,25354716.639,2241.279,1784.696,1.502,92000,92000,92000,4000,92000,49.980000000000004,25.6,0.0002929687616415322,4.999999873689376e-05,487.73608,-0.0016883607,487.73776,-0.060522944,0.0045592245,0.54561937,0.0
500.0,136.0,486.67,486.67,8,2,96000,4000,96000,False,502,24,60b6a_00000,198bf0d6f92047d4a6c45aaf71ccc937,2022-12-23_17-39-57,1671817197,11.335597515106201,177.421537399292,161905,dl,192.168.0.98,177.421537399292,96000,24,"[500.0, 500.0, 500.0, 500.0, 500.0, 500.0, 500.0, 500.0, 500.0, 500.0, 500.0, 369.0, 500.0, 413.0, 500.0, 500.0, 313.0, 500.0, 451.0, 500.0, 500.0, 500.0, 500.0, 500.0, 500.0, 500.0, 500.0, 500.0, 500.0, 500.0, 500.0, 500.0, 500.0, 500.0, 500.0, 500.0, 299.0, 500.0, 500.0, 500.0, 500.0, 500.0, 500.0, 500.0, 500.0, 500.0, 500.0, 500.0, 500.0, 500.0, 500.0, 500.0, 500.0, 395.0, 500.0, 447.0, 500.0, 500.0, 500.0, 500.0, 500.0, 500.0, 500.0, 359.0, 500.0, 500.0, 500.0, 500.0, 500.0, 500.0, 500.0, 500.0, 500.0, 485.0, 500.0, 500.0, 500.0, 500.0, 500.0, 500.0, 500.0, 136.0, 500.0, 500.0, 500.0, 500.0, 500.0, 500.0, 500.0, 500.0, 500.0, 500.0, 500.0, 500.0, 500.0, 500.0, 500.0, 500.0, 500.0, 500.0]","[500, 500, 500, 500, 500, 500, 500, 500, 500, 500, 500, 369, 500, 413, 500, 500, 313, 500, 451, 500, 500, 500, 500, 500, 500, 500, 500, 500, 500, 500, 500, 500, 500, 500, 500, 500, 299, 500, 500, 500, 500, 500, 500, 500, 500, 500, 500, 500, 500, 500, 500, 500, 500, 395, 500, 447, 500, 500, 500, 500, 500, 500, 500, 359, 500, 500, 500, 500, 500, 500, 500, 500, 500, 485, 500, 500, 500, 500, 500, 500, 500, 136, 500, 500, 500, 500, 500, 500, 500, 500, 500, 500, 500, 500, 500, 500, 500, 500, 500, 500]",0.08974852120731973,0.6455895781419914,0.06098649560755278,0.06354890546679397,0.0,7687.89,520.299,0.164,24403223.273,2226.647,1796.423,1.459,96000,96000,96000,4000,96000,42.96470588235294,25.6,0.0001464843808207661,4.999999873689376e-05,501.95914,-0.0020227286,501.96115,-0.0020605733,0.005369348,0.49639404,0.0
500.0,136.0,486.67,486.67,8,2,100000,4000,100000,False,510,25,60b6a_00000,198bf0d6f92047d4a6c45aaf71ccc937,2022-12-23_17-40-00,1671817200,3.8219094276428223,181.24344682693481,161905,dl,192.168.0.98,181.24344682693481,100000,25,"[500.0, 500.0, 500.0, 369.0, 500.0, 413.0, 500.0, 500.0, 313.0, 500.0, 451.0, 500.0, 500.0, 500.0, 500.0, 500.0, 500.0, 500.0, 500.0, 500.0, 500.0, 500.0, 500.0, 500.0, 500.0, 500.0, 500.0, 500.0, 299.0, 500.0, 500.0, 500.0, 500.0, 500.0, 500.0, 500.0, 500.0, 500.0, 500.0, 500.0, 500.0, 500.0, 500.0, 500.0, 500.0, 395.0, 500.0, 447.0, 500.0, 500.0, 500.0, 500.0, 500.0, 500.0, 500.0, 359.0, 500.0, 500.0, 500.0, 500.0, 500.0, 500.0, 500.0, 500.0, 500.0, 485.0, 500.0, 500.0, 500.0, 500.0, 500.0, 500.0, 500.0, 136.0, 500.0, 500.0, 500.0, 500.0, 500.0, 500.0, 500.0, 500.0, 500.0, 500.0, 500.0, 500.0, 500.0, 500.0, 500.0, 500.0, 500.0, 500.0, 500.0, 500.0, 500.0, 500.0, 500.0, 500.0, 500.0, 500.0]","[500, 500, 500, 369, 500, 413, 500, 500, 313, 500, 451, 500, 500, 500, 500, 500, 500, 500, 500, 500, 500, 500, 500, 500, 500, 500, 500, 500, 299, 500, 500, 500, 500, 500, 500, 500, 500, 500, 500, 500, 500, 500, 500, 500, 500, 395, 500, 447, 500, 500, 500, 500, 500, 500, 500, 359, 500, 500, 500, 500, 500, 500, 500, 500, 500, 485, 500, 500, 500, 500, 500, 500, 500, 136, 500, 500, 500, 500, 500, 500, 500, 500, 500, 500, 500, 500, 500, 500, 500, 500, 500, 500, 500, 500, 500, 500, 500, 500, 500, 500]",0.08953558187269611,0.6444394580785209,0.06089443908711148,0.06345808197390018,0.0,7623.672,524.682,0.168,23817739.92,2215.804,1805.214,1.458,100000,100000,100000,4000,100000,51.54,25.6,0.0001464843808207661,4.999999873689376e-05,484.01212,0.00048464612,484.01166,-0.038158227,0.003667074,0.5118334,0.0
500.0,136.0,488.85,488.85,8,2,104000,4000,104000,False,518,26,60b6a_00000,198bf0d6f92047d4a6c45aaf71ccc937,2022-12-23_17-40-12,1671817212,11.176305294036865,192.41975212097168,161905,dl,192.168.0.98,192.41975212097168,104000,26,"[313.0, 500.0, 451.0, 500.0, 500.0, 500.0, 500.0, 500.0, 500.0, 500.0, 500.0, 500.0, 500.0, 500.0, 500.0, 500.0, 500.0, 500.0, 500.0, 500.0, 299.0, 500.0, 500.0, 500.0, 500.0, 500.0, 500.0, 500.0, 500.0, 500.0, 500.0, 500.0, 500.0, 500.0, 500.0, 500.0, 500.0, 395.0, 500.0, 447.0, 500.0, 500.0, 500.0, 500.0, 500.0, 500.0, 500.0, 359.0, 500.0, 500.0, 500.0, 500.0, 500.0, 500.0, 500.0, 500.0, 500.0, 485.0, 500.0, 500.0, 500.0, 500.0, 500.0, 500.0, 500.0, 136.0, 500.0, 500.0, 500.0, 500.0, 500.0, 500.0, 500.0, 500.0, 500.0, 500.0, 500.0, 500.0, 500.0, 500.0, 500.0, 500.0, 500.0, 500.0, 500.0, 500.0, 500.0, 500.0, 500.0, 500.0, 500.0, 500.0, 500.0, 500.0, 500.0, 500.0, 500.0, 500.0, 500.0, 500.0]","[313, 500, 451, 500, 500, 500, 500, 500, 500, 500, 500, 500, 500, 500, 500, 500, 500, 500, 500, 500, 299, 500, 500, 500, 500, 500, 500, 500, 500, 500, 500, 500, 500, 500, 500, 500, 500, 395, 500, 447, 500, 500, 500, 500, 500, 500, 500, 359, 500, 500, 500, 500, 500, 500, 500, 500, 500, 485, 500, 500, 500, 500, 500, 500, 500, 136, 500, 500, 500, 500, 500, 500, 500, 500, 500, 500, 500, 500, 500, 500, 500, 500, 500, 500, 500, 500, 500, 500, 500, 500, 500, 500, 500, 500, 500, 500, 500, 500, 500, 500]",0.08926155388550316,0.6427966764495534,0.06076704709230839,0.06333566489000172,0.0,7601.893,526.185,0.168,23763762.04,2207.964,1811.623,1.474,104000,104000,104000,4000,104000,42.98125,25.6,7.324219041038305e-05,4.999999873689376e-05,452.09952,-0.0013076552,452.1008,0.08605087,0.0063809245,0.51367646,0.0
500.0,136.0,491.21,491.21,8,2,108000,4000,108000,False,526,27,60b6a_00000,198bf0d6f92047d4a6c45aaf71ccc937,2022-12-23_17-40-15,1671817215,3.8076701164245605,196.22742223739624,161905,dl,192.168.0.98,196.22742223739624,108000,27,"[500.0, 500.0, 500.0, 500.0, 500.0, 500.0, 500.0, 500.0, 500.0, 500.0, 500.0, 500.0, 299.0, 500.0, 500.0, 500.0, 500.0, 500.0, 500.0, 500.0, 500.0, 500.0, 500.0, 500.0, 500.0, 500.0, 500.0, 500.0, 500.0, 395.0, 500.0, 447.0, 500.0, 500.0, 500.0, 500.0, 500.0, 500.0, 500.0, 359.0, 500.0, 500.0, 500.0, 500.0, 500.0, 500.0, 500.0, 500.0, 500.0, 485.0, 500.0, 500.0, 500.0, 500.0, 500.0, 500.0, 500.0, 136.0, 500.0, 500.0, 500.0, 500.0, 500.0, 500.0, 500.0, 500.0, 500.0, 500.0, 500.0, 500.0, 500.0, 500.0, 500.0, 500.0, 500.0, 500.0, 500.0, 500.0, 500.0, 500.0, 500.0, 500.0, 500.0, 500.0, 500.0, 500.0, 500.0, 500.0, 500.0, 500.0, 500.0, 500.0, 500.0, 500.0, 500.0, 500.0, 500.0, 500.0, 500.0, 500.0]","[500, 500, 500, 500, 500, 500, 500, 500, 500, 500, 500, 500, 299, 500, 500, 500, 500, 500, 500, 500, 500, 500, 500, 500, 500, 500, 500, 500, 500, 395, 500, 447, 500, 500, 500, 500, 500, 500, 500, 359, 500, 500, 500, 500, 500, 500, 500, 500, 500, 485, 500, 500, 500, 500, 500, 500, 500, 136, 500, 500, 500, 500, 500, 500, 500, 500, 500, 500, 500, 500, 500, 500, 500, 500, 500, 500, 500, 500, 500, 500, 500, 500, 500, 500, 500, 500, 500, 500, 500, 500, 500, 500, 500, 500, 500, 500, 500, 500, 500, 500]",0.08899912122102666,0.6411165805223702,0.06062285866556229,0.06318921951501473,0.0,7550.287,529.781,0.168,23821121.681,2196.614,1820.984,1.475,108000,108000,108000,4000,108000,50.666666666666664,25.599999999999998,7.324219041038305e-05,4.999999873689376e-05,427.70786,-0.005602232,427.71344,0.14495271,0.006767833,0.54245836,0.0
500.0,136.0,487.91,487.91,9,2,112000,4000,112000,False,535,28,60b6a_00000,198bf0d6f92047d4a6c45aaf71ccc937,2022-12-23_17-40-27,1671817227,11.26927399635315,207.4966962337494,161905,dl,192.168.0.98,207.4966962337494,112000,28,"[500.0, 500.0, 500.0, 299.0, 500.0, 500.0, 500.0, 500.0, 500.0, 500.0, 500.0, 500.0, 500.0, 500.0, 500.0, 500.0, 500.0, 500.0, 500.0, 500.0, 395.0, 500.0, 447.0, 500.0, 500.0, 500.0, 500.0, 500.0, 500.0, 500.0, 359.0, 500.0, 500.0, 500.0, 500.0, 500.0, 500.0, 500.0, 500.0, 500.0, 485.0, 500.0, 500.0, 500.0, 500.0, 500.0, 500.0, 500.0, 136.0, 500.0, 500.0, 500.0, 500.0, 500.0, 500.0, 500.0, 500.0, 500.0, 500.0, 500.0, 500.0, 500.0, 500.0, 500.0, 500.0, 500.0, 500.0, 500.0, 500.0, 500.0, 500.0, 500.0, 500.0, 500.0, 500.0, 500.0, 500.0, 500.0, 500.0, 500.0, 500.0, 500.0, 500.0, 500.0, 500.0, 500.0, 500.0, 500.0, 500.0, 500.0, 500.0, 500.0, 500.0, 500.0, 500.0, 500.0, 344.0, 500.0, 500.0, 326.0]","[500, 500, 500, 299, 500, 500, 500, 500, 500, 500, 500, 500, 500, 500, 500, 500, 500, 500, 500, 500, 395, 500, 447, 500, 500, 500, 500, 500, 500, 500, 359, 500, 500, 500, 500, 500, 500, 500, 500, 500, 485, 500, 500, 500, 500, 500, 500, 500, 136, 500, 500, 500, 500, 500, 500, 500, 500, 500, 500, 500, 500, 500, 500, 500, 500, 500, 500, 500, 500, 500, 500, 500, 500, 500, 500, 500, 500, 500, 500, 500, 500, 500, 500, 500, 500, 500, 500, 500, 500, 500, 500, 500, 500, 500, 500, 500, 344, 500, 500, 326]",0.08871452349306735,0.6392571777927871,0.06046596554717627,0.06302538418592846,0.0,7531.396,531.11,0.17,23530457.223,2192.107,1824.729,1.47,112000,112000,112000,4000,112000,43.0875,25.6,7.324219041038305e-05,4.999999873689376e-05,409.32346,-0.008137681,409.33157,0.14302197,0.008088758,0.5751977,0.0
500.0,52.0,477.05,477.05,11,2,116000,4000,116000,False,546,29,60b6a_00000,198bf0d6f92047d4a6c45aaf71ccc937,2022-12-23_17-40-31,1671817231,3.8172829151153564,211.31397914886475,161905,dl,192.168.0.98,211.31397914886475,116000,29,"[500.0, 500.0, 500.0, 500.0, 500.0, 500.0, 500.0, 500.0, 500.0, 395.0, 500.0, 447.0, 500.0, 500.0, 500.0, 500.0, 500.0, 500.0, 500.0, 359.0, 500.0, 500.0, 500.0, 500.0, 500.0, 500.0, 500.0, 500.0, 500.0, 485.0, 500.0, 500.0, 500.0, 500.0, 500.0, 500.0, 500.0, 136.0, 500.0, 500.0, 500.0, 500.0, 500.0, 500.0, 500.0, 500.0, 500.0, 500.0, 500.0, 500.0, 500.0, 500.0, 500.0, 500.0, 500.0, 500.0, 500.0, 500.0, 500.0, 500.0, 500.0, 500.0, 500.0, 500.0, 500.0, 500.0, 500.0, 500.0, 500.0, 500.0, 500.0, 500.0, 500.0, 500.0, 500.0, 500.0, 500.0, 500.0, 500.0, 500.0, 500.0, 500.0, 500.0, 500.0, 500.0, 344.0, 500.0, 500.0, 326.0, 500.0, 500.0, 500.0, 364.0, 500.0, 149.0, 249.0, 500.0, 500.0, 399.0, 52.0]","[500, 500, 500, 500, 500, 500, 500, 500, 500, 395, 500, 447, 500, 500, 500, 500, 500, 500, 500, 359, 500, 500, 500, 500, 500, 500, 500, 500, 500, 485, 500, 500, 500, 500, 500, 500, 500, 136, 500, 500, 500, 500, 500, 500, 500, 500, 500, 500, 500, 500, 500, 500, 500, 500, 500, 500, 500, 500, 500, 500, 500, 500, 500, 500, 500, 500, 500, 500, 500, 500, 500, 500, 500, 500, 500, 500, 500, 500, 500, 500, 500, 500, 500, 500, 500, 344, 500, 500, 326, 500, 500, 500, 364, 500, 149, 249, 500, 500, 399, 52]",0.08837982411908576,0.6370050741461055,0.06027440410788668,0.06282691114680981,0.0,7568.066,528.537,0.162,24719634.596,2181.613,1833.506,1.465,116000,116000,116000,4000,116000,51.12,25.6,7.324219041038305e-05,4.999999873689376e-05,431.38092,-0.0069967313,431.3879,0.28101832,0.009324467,0.51764816,0.0
500.0,52.0,477.05,477.05,8,2,120000,4000,120000,False,554,30,60b6a_00000,198bf0d6f92047d4a6c45aaf71ccc937,2022-12-23_17-40-41,1671817241,10.488444805145264,221.80242395401,161905,dl,192.168.0.98,221.80242395401,120000,30,"[500.0, 395.0, 500.0, 447.0, 500.0, 500.0, 500.0, 500.0, 500.0, 500.0, 500.0, 359.0, 500.0, 500.0, 500.0, 500.0, 500.0, 500.0, 500.0, 500.0, 500.0, 485.0, 500.0, 500.0, 500.0, 500.0, 500.0, 500.0, 500.0, 136.0, 500.0, 500.0, 500.0, 500.0, 500.0, 500.0, 500.0, 500.0, 500.0, 500.0, 500.0, 500.0, 500.0, 500.0, 500.0, 500.0, 500.0, 500.0, 500.0, 500.0, 500.0, 500.0, 500.0, 500.0, 500.0, 500.0, 500.0, 500.0, 500.0, 500.0, 500.0, 500.0, 500.0, 500.0, 500.0, 500.0, 500.0, 500.0, 500.0, 500.0, 500.0, 500.0, 500.0, 500.0, 500.0, 500.0, 500.0, 344.0, 500.0, 500.0, 326.0, 500.0, 500.0, 500.0, 364.0, 500.0, 149.0, 249.0, 500.0, 500.0, 399.0, 52.0, 500.0, 500.0, 500.0, 500.0, 500.0, 500.0, 500.0, 500.0]","[500, 395, 500, 447, 500, 500, 500, 500, 500, 500, 500, 359, 500, 500, 500, 500, 500, 500, 500, 500, 500, 485, 500, 500, 500, 500, 500, 500, 500, 136, 500, 500, 500, 500, 500, 500, 500, 500, 500, 500, 500, 500, 500, 500, 500, 500, 500, 500, 500, 500, 500, 500, 500, 500, 500, 500, 500, 500, 500, 500, 500, 500, 500, 500, 500, 500, 500, 500, 500, 500, 500, 500, 500, 500, 500, 500, 500, 344, 500, 500, 326, 500, 500, 500, 364, 500, 149, 249, 500, 500, 399, 52, 500, 500, 500, 500, 500, 500, 500, 500]",0.08814843007809085,0.6353685507797823,0.06013500116107263,0.0626827162035528,0.0,7559.383,529.144,0.169,23679909.668,2180.67,1834.298,1.47,120000,120000,120000,4000,120000,43.30666666666666,25.60000000000001,7.324219041038305e-05,4.999999873689376e-05,345.86014,-0.005522888,345.86566,0.26402366,0.008674902,0.51647735,0.0
500.0,52.0,474.24,474.24,8,2,124000,4000,124000,False,562,31,60b6a_00000,198bf0d6f92047d4a6c45aaf71ccc937,2022-12-23_17-40-45,1671817245,3.785324811935425,225.58774876594543,161905,dl,192.168.0.98,225.58774876594543,124000,31,"[500.0, 500.0, 500.0, 359.0, 500.0, 500.0, 500.0, 500.0, 500.0, 500.0, 500.0, 500.0, 500.0, 485.0, 500.0, 500.0, 500.0, 500.0, 500.0, 500.0, 500.0, 136.0, 500.0, 500.0, 500.0, 500.0, 500.0, 500.0, 500.0, 500.0, 500.0, 500.0, 500.0, 500.0, 500.0, 500.0, 500.0, 500.0, 500.0, 500.0, 500.0, 500.0, 500.0, 500.0, 500.0, 500.0, 500.0, 500.0, 500.0, 500.0, 500.0, 500.0, 500.0, 500.0, 500.0, 500.0, 500.0, 500.0, 500.0, 500.0, 500.0, 500.0, 500.0, 500.0, 500.0, 500.0, 500.0, 500.0, 500.0, 344.0, 500.0, 500.0, 326.0, 500.0, 500.0, 500.0, 364.0, 500.0, 149.0, 249.0, 500.0, 500.0, 399.0, 52.0, 500.0, 500.0, 500.0, 500.0, 500.0, 500.0, 500.0, 500.0, 500.0, 500.0, 335.0, 500.0, 383.0, 500.0, 372.0, 471.0]","[500, 500, 500, 359, 500, 500, 500, 500, 500, 500, 500, 500, 500, 485, 500, 500, 500, 500, 500, 500, 500, 136, 500, 500, 500, 500, 500, 500, 500, 500, 500, 500, 500, 500, 500, 500, 500, 500, 500, 500, 500, 500, 500, 500, 500, 500, 500, 500, 500, 500, 500, 500, 500, 500, 500, 500, 500, 500, 500, 500, 500, 500, 500, 500, 500, 500, 500, 500, 500, 344, 500, 500, 326, 500, 500, 500, 364, 500, 149, 249, 500, 500, 399, 52, 500, 500, 500, 500, 500, 500, 500, 500, 500, 500, 335, 500, 383, 500, 372, 471]",0.08793640917810946,0.6338839067744256,0.06000845125976806,0.0625518462180171,0.0,7489.337,534.093,0.176,22665787.625,2180.128,1834.755,1.469,124000,124000,124000,4000,124000,50.550000000000004,25.599999999999998,7.324219041038305e-05,4.999999873689376e-05,165.40544,-0.0046552224,165.41008,0.56795305,0.006513107,0.55837697,0.0
500.0,52.0,474.76,474.76,8,2,128000,4000,128000,False,570,32,60b6a_00000,198bf0d6f92047d4a6c45aaf71ccc937,2022-12-23_17-40-56,1671817256,11.196498394012451,236.78424715995789,161905,dl,192.168.0.98,236.78424715995789,128000,32,"[500.0, 500.0, 500.0, 500.0, 500.0, 485.0, 500.0, 500.0, 500.0, 500.0, 500.0, 500.0, 500.0, 136.0, 500.0, 500.0, 500.0, 500.0, 500.0, 500.0, 500.0, 500.0, 500.0, 500.0, 500.0, 500.0, 500.0, 500.0, 500.0, 500.0, 500.0, 500.0, 500.0, 500.0, 500.0, 500.0, 500.0, 500.0, 500.0, 500.0, 500.0, 500.0, 500.0, 500.0, 500.0, 500.0, 500.0, 500.0, 500.0, 500.0, 500.0, 500.0, 500.0, 500.0, 500.0, 500.0, 500.0, 500.0, 500.0, 500.0, 500.0, 344.0, 500.0, 500.0, 326.0, 500.0, 500.0, 500.0, 364.0, 500.0, 149.0, 249.0, 500.0, 500.0, 399.0, 52.0, 500.0, 500.0, 500.0, 500.0, 500.0, 500.0, 500.0, 500.0, 500.0, 500.0, 335.0, 500.0, 383.0, 500.0, 372.0, 471.0, 439.0, 500.0, 500.0, 500.0, 472.0, 500.0, 500.0, 500.0]","[500, 500, 500, 500, 500, 485, 500, 500, 500, 500, 500, 500, 500, 136, 500, 500, 500, 500, 500, 500, 500, 500, 500, 500, 500, 500, 500, 500, 500, 500, 500, 500, 500, 500, 500, 500, 500, 500, 500, 500, 500, 500, 500, 500, 500, 500, 500, 500, 500, 500, 500, 500, 500, 500, 500, 500, 500, 500, 500, 500, 500, 344, 500, 500, 326, 500, 500, 500, 364, 500, 149, 249, 500, 500, 399, 52, 500, 500, 500, 500, 500, 500, 500, 500, 500, 500, 335, 500, 383, 500, 372, 471, 439, 500, 500, 500, 472, 500, 500, 500]",0.0877396850883876,0.6325105151447895,0.059891233318772344,0.062430612182364335,0.0,7487.781,534.204,0.182,21936736.402,2177.509,1836.961,1.472,128000,128000,128000,4000,128000,42.8875,25.6,7.324219041038305e-05,4.999999873689376e-05,239.21974,-0.0049731922,239.2247,0.30452192,0.009822188,0.5508266,0.0
